,Function Name,Function ID,MPSO or MPSOCCDTime taken,Global best,Dimensions,Number of particles,Max Iterations,No Movement Termation,Tolerance,Upper Bound,Lower Bound,Optimum,Bias,Alpha,W,C1,C2,CCD alpha,CCD max iterations,CCD tolerance,CCD third term its
0,sphere,1,,"[ 2.13852973e+00  3.78342201e+00  2.02906225e+01  7.02019275e+00
  1.00226956e+01  9.11651898e+00  3.72210719e+00  3.90921864e+01
 -2.61062411e+00  3.19841328e+01  8.94985594e-01 -1.55668951e+01
  1.61002427e+00  1.78806757e+00  9.99888860e-01  1.43770065e+01
  1.84165451e+01  5.70593317e-01  9.57427623e+00 -5.46709142e-01
 -2.76577437e+00 -1.54969309e+00 -7.56577681e+00 -5.70580530e-01
  2.42350449e+01  3.12921232e+00  6.91697094e+00  2.59305559e+01
  7.76092496e+00  1.08306582e+01  5.68589597e+03]",30,50,100,20,1e-06,"[1000. 1000. 1000. 1000. 1000. 1000. 1000. 1000. 1000. 1000. 1000. 1000.
 1000. 1000. 1000. 1000. 1000. 1000. 1000. 1000. 1000. 1000. 1000. 1000.
 1000. 1000. 1000. 1000. 1000. 1000.]","[-1000. -1000. -1000. -1000. -1000. -1000. -1000. -1000. -1000. -1000.
 -1000. -1000. -1000. -1000. -1000. -1000. -1000. -1000. -1000. -1000.
 -1000. -1000. -1000. -1000. -1000. -1000. -1000. -1000. -1000. -1000.]","[0. 0. 0. 0. 0. 0. 0. 0. 0. 0. 0. 0. 0. 0. 0. 0. 0. 0. 0. 0. 0. 0. 0. 0.
 0. 0. 0. 0. 0. 0.]",0,0.9,0.8,0.4,0.4,0.2,20,1e-06,5
1,sphere,1,,"[ 1.00142109e-11  1.00852651e-11 -1.00142109e-11 -1.00142109e-11
  1.00852651e-11 -1.00852651e-11  1.00852651e-11 -1.00852651e-11
 -1.00142109e-11  1.00852651e-11 -1.00142109e-11  1.00852651e-11
  1.00142109e-11  1.00142109e-11 -1.00852651e-11 -1.00852651e-11
 -1.00852651e-11 -1.00852651e-11  1.00142109e-11 -1.00142109e-11
  1.00142109e-11  1.00852651e-11  1.00142109e-11  1.00852651e-11
  1.00852651e-11  1.00852651e-11  1.01847411e-11 -1.00142109e-11
  1.00142109e-11 -1.00852651e-11  3.03482756e-21]",30,50,100,20,1e-06,"[1000. 1000. 1000. 1000. 1000. 1000. 1000. 1000. 1000. 1000. 1000. 1000.
 1000. 1000. 1000. 1000. 1000. 1000. 1000. 1000. 1000. 1000. 1000. 1000.
 1000. 1000. 1000. 1000. 1000. 1000.]","[-1000. -1000. -1000. -1000. -1000. -1000. -1000. -1000. -1000. -1000.
 -1000. -1000. -1000. -1000. -1000. -1000. -1000. -1000. -1000. -1000.
 -1000. -1000. -1000. -1000. -1000. -1000. -1000. -1000. -1000. -1000.]","[0. 0. 0. 0. 0. 0. 0. 0. 0. 0. 0. 0. 0. 0. 0. 0. 0. 0. 0. 0. 0. 0. 0. 0.
 0. 0. 0. 0. 0. 0.]",0,0.9,0.8,0.4,0.4,0.2,20,1e-06,5
